Protein1,Protein2,AbsPos1,AbsPos2,ld-Score,etc,source,distance
Nup157,Nup157,360,394,1,intra,XL_intra_structures,22.56940852
Nup157,Nup157,922,962,1,intra,XL_intra_structures,13.30066652
Nup157,Nup157,962,922,1,intra,XL_intra_structures,13.30066652
Nup157,Nup157,976,995,1,intra,XL_intra_structures,14.46321448
Nup157,Nup157,976,1000,1,intra,XL_intra_structures,12.76030133
Nup157,Nup157,1224,1274,1,intra,XL_intra_structures,11.82873658
Nup157,Nup157,1368,1340,1,intra,XL_intra_structures,14.18496979
Nup157,Nup157,1371,1340,1,intra,XL_intra_structures,6.048304969
Nup157,Nup157,1371,1341,1,intra,XL_intra_structures,5.914539543
Nup157,Nup157,40,56,1,206,intra,16.32470551
Nup157,Nup157,316,301,1,207,intra,19.71435614
Nup157,Nup157,325,301,1,208,intra,19.71435614
Nup157,Nup157,329,301,1,209,intra,19.71435614
Nup157,Nup157,329,316,1,210,intra,0
Nup157,Nup157,329,360,1,211,intra,25.75214775
Nup157,Nup157,522,405,1,212,intra,13.47688699
Nup157,Nup157,522,533,1,213,intra,0
Nup157,Nup157,527,405,1,214,intra,13.47688699
Nup157,Nup157,553,56,1,215,intra,16.90212237
Nup157,Nup157,696,678,1,216,intra,15.49103595
Nup157,Nup157,732,736,1,217,intra,0
Nup157,Nup157,1229,1391,1,218,intra,24.16380489
Nup157,Nup157,1384,1391,1,219,intra,18.87542766