Protein1,Protein2,AbsPos1,AbsPos2,ld-Score,etc,source,distance
Nup170,Nup170,114,587,1,intra,XL_intra_structures,9.848693568
Nup170,Nup170,374,419,1,intra,XL_intra_structures,7.677006904
Nup170,Nup170,416,512,1,intra,XL_intra_structures,14.35617379
Nup170,Nup170,508,512,1,intra,XL_intra_structures,7.455872115
Nup170,Nup170,575,139,1,intra,XL_intra_structures,10.79361089
Nup170,Nup170,958,946,1,intra,XL_intra_structures,13.15982496
Nup170,Nup170,1029,1144,1,intra,XL_intra_structures,22.22525154
Nup170,Nup170,1046,1014,1,intra,XL_intra_structures,16.4587313
Nup170,Nup170,1114,1014,1,intra,XL_intra_structures,18.45980005
Nup170,Nup170,1144,1014,1,intra,XL_intra_structures,21.92135671
Nup170,Nup170,139,547,1,242,intra,22.60675653
Nup170,Nup170,139,566,1,243,intra,21.49750576
Nup170,Nup170,374,547,1,244,intra,23.63800404
Nup170,Nup170,547,416,1,246,intra,14.51757856
Nup170,Nup170,547,419,1,247,intra,16.8402724
Nup170,Nup170,547,512,1,248,intra,10.08447612
Nup170,Nup170,548,416,1,249,intra,14.51757856
Nup170,Nup170,548,419,1,250,intra,16.8402724
Nup170,Nup170,548,512,1,251,intra,10.08447612
Nup170,Nup170,548,566,1,252,intra,14.58034487
Nup170,Nup170,563,416,1,253,intra,22.09572265
Nup170,Nup170,563,419,1,254,intra,20.71292482
Nup170,Nup170,563,547,1,255,intra,14.58034487
Nup170,Nup170,566,416,1,256,intra,22.09572265
Nup170,Nup170,566,419,1,257,intra,20.71292482
Nup170,Nup170,566,547,1,258,intra,14.58034487
Nup170,Nup170,575,547,1,259,intra,15.81185534
Nup170,Nup170,818,831,1,260,intra,8.94691488
Nup170,Nup170,1014,1121,1,263,intra,17.302296
Nup170,Nup170,1014,1122,1,264,intra,17.302296
Nup170,Nup170,1121,1014,1,265,intra,17.302296
Nup170,Nup170,1122,1014,1,266,intra,17.302296
Nup170,Nup170,1126,1014,1,267,intra,17.302296
Nup170,Nup170,1126,1121,1,268,intra,0
Nup170,Nup170,1126,1144,1,269,intra,15.08538209
Nup170,Nup170,1140,1122,1,270,intra,0
Nup170,Nup170,1140,1144,1,271,intra,15.08538209
Nup170,Nup170,1144,1122,1,272,intra,15.08538209