Protein1,Protein2,AbsPos1,AbsPos2,ld-Score,etc,source,distance
Nup59,Nup59,209,214,1,424,intra,0
Nup59,Nup59,209,223,1,425,intra,0
Nup59,Nup59,223,214,1,426,intra,0
Nup59,Nup59,257,331,1,429,intra,15.89050314
Nup59,Nup59,257,336,1,430,intra,15.89050314
Nup59,Nup59,467,475,1,431,intra,0