Protein1,Protein2,AbsPos1,AbsPos2,ld-Score,etc,source,distance
Nup53,Nup53,304,284,1,intra,XL_intra_structures,15.34651693
Nup53,Nup53,304,319,1,intra,XL_intra_structures,14.42312414
Nup53,Nup53,304,358,1,intra,XL_intra_structures,29.63892631
Nup53,Nup53,319,284,1,intra,XL_intra_structures,16.08641905
Nup53,Nup53,351,358,1,intra,XL_intra_structures,13.25817076
Nup53,Nup53,134,128,1,353,intra,0
Nup53,Nup53,223,319,1,356,intra,15.56108164
Nup53,Nup53,223,394,1,357,intra,24.31202088
Nup53,Nup53,226,319,1,358,intra,15.56108164
Nup53,Nup53,304,288,1,359,intra,8.08817359
Nup53,Nup53,304,366,1,360,intra,17.06825649
Nup53,Nup53,304,383,1,361,intra,17.06825649
Nup53,Nup53,319,287,1,362,intra,19.83313279
Nup53,Nup53,319,288,1,363,intra,19.83313279
Nup53,Nup53,319,383,1,364,intra,27.69550116
Nup53,Nup53,319,394,1,365,intra,27.69550116
Nup53,Nup53,358,383,1,366,intra,21.18299809
Nup53,Nup53,366,284,1,367,intra,21.65341292
Nup53,Nup53,366,288,1,368,intra,18.0475555
Nup53,Nup53,366,319,1,369,intra,27.69550116
Nup53,Nup53,366,357,1,370,intra,21.78709175
Nup53,Nup53,366,383,1,371,intra,0
Nup53,Nup53,366,390,1,372,intra,0
Nup53,Nup53,366,394,1,373,intra,0
Nup53,Nup53,376,284,1,374,intra,21.65341292
Nup53,Nup53,376,288,1,375,intra,18.0475555
Nup53,Nup53,376,319,1,376,intra,27.69550116
Nup53,Nup53,376,358,1,377,intra,21.18299809
Nup53,Nup53,376,383,1,378,intra,0
Nup53,Nup53,376,390,1,379,intra,0
Nup53,Nup53,376,394,1,380,intra,0
Nup53,Nup53,376,406,1,381,intra,0
Nup53,Nup53,383,284,1,382,intra,21.65341292
Nup53,Nup53,383,394,1,383,intra,0
Nup53,Nup53,383,399,1,384,intra,0
Nup53,Nup53,390,284,1,385,intra,21.65341292
Nup53,Nup53,390,319,1,386,intra,27.69550116
Nup53,Nup53,390,394,1,387,intra,0
Nup53,Nup53,390,399,1,388,intra,0
Nup53,Nup53,390,406,1,389,intra,0
Nup53,Nup53,394,288,1,390,intra,18.0475555
Nup53,Nup53,406,394,1,391,intra,0
Nup53,Nup53,406,399,1,392,intra,0
Nup53,Nup53,409,394,1,393,intra,0
Nup53,Nup53,409,399,1,394,intra,0
Nup53,Nup53,415,423,1,398,intra,0
Nup53,Nup53,449,456,1,400,intra,0